iter	RMSE
0	14.18706219
1	13.47332991
2	12.5962616
3	11.87639671
